               epoch,      train/box_loss,      train/obj_loss,      train/cls_loss,   metrics/precision,      metrics/recall,     metrics/mAP_0.5,metrics/mAP_0.5:0.95,        val/box_loss,        val/obj_loss,        val/cls_loss,               x/lr0,               x/lr1,               x/lr2
                   0,             0.10791,            0.028938,             0.04093,           0.0021322,             0.63333,           0.0062029,           0.0012681,            0.076697,            0.018222,            0.041959,              0.0874,              0.0014,              0.0014
                   1,            0.079485,             0.02818,            0.037515,           0.0033093,             0.98333,             0.07639,            0.026042,            0.080063,            0.015018,            0.033257,            0.073886,           0.0028856,           0.0028856
                   2,            0.067591,            0.026844,            0.035101,             0.47578,             0.26667,             0.29492,            0.091164,            0.061041,             0.01181,            0.031201,            0.060356,           0.0043564,           0.0043564
                   3,            0.060596,            0.022277,            0.030784,             0.50251,             0.66653,             0.58561,             0.24929,            0.046891,            0.011922,             0.02052,            0.046812,           0.0058124,           0.0058124
                   4,            0.060293,            0.021165,            0.027312,             0.35905,             0.36667,             0.37881,             0.10451,            0.059461,           0.0094396,            0.021121,            0.033253,           0.0072535,           0.0072535
                   5,            0.058359,            0.020837,             0.02222,             0.38594,             0.49941,             0.37388,              0.1353,            0.063523,           0.0089197,            0.014145,             0.01968,           0.0086797,           0.0086797
                   6,            0.059603,            0.017664,            0.019506,             0.36153,             0.58333,             0.45766,              0.1674,            0.058785,           0.0065906,            0.019497,            0.009703,            0.009703,            0.009703
                   7,            0.055342,            0.018468,            0.017242,             0.53792,             0.79929,             0.75847,             0.32403,            0.053912,           0.0076228,            0.011113,            0.009703,            0.009703,            0.009703
                   8,            0.051419,            0.016293,            0.013849,             0.66178,                0.85,             0.75389,             0.40826,            0.048946,           0.0070156,            0.008975,           0.0096535,           0.0096535,           0.0096535
                   9,            0.051492,            0.013979,            0.012432,             0.58095,             0.91722,             0.81346,             0.43987,            0.051964,           0.0060365,             0.00592,            0.009604,            0.009604,            0.009604
                  10,            0.047147,            0.014204,           0.0095975,             0.72733,             0.73333,             0.81629,             0.44174,              0.0446,           0.0057726,           0.0051417,           0.0095545,           0.0095545,           0.0095545
                  11,            0.045388,            0.012229,           0.0087207,             0.61187,             0.88322,             0.74591,             0.41821,            0.047744,           0.0056498,           0.0054415,            0.009505,            0.009505,            0.009505
                  12,             0.04359,            0.012262,           0.0094615,             0.63956,             0.96667,             0.91771,              0.5712,            0.034012,           0.0052003,           0.0042486,           0.0094555,           0.0094555,           0.0094555
                  13,            0.041778,             0.01157,           0.0093526,             0.62289,             0.91667,              0.8762,             0.47376,            0.038232,           0.0050689,           0.0034804,            0.009406,            0.009406,            0.009406
                  14,             0.04091,             0.01101,           0.0079571,             0.89835,             0.95621,             0.98159,              0.5263,            0.033383,           0.0050442,           0.0026776,           0.0093565,           0.0093565,           0.0093565
                  15,            0.040074,            0.011661,           0.0067941,             0.96819,             0.94664,             0.99115,             0.54937,            0.033316,           0.0051572,           0.0023442,            0.009307,            0.009307,            0.009307
                  16,            0.037904,            0.011091,           0.0069133,             0.84157,             0.91667,             0.94421,             0.63728,             0.03003,           0.0047995,           0.0020597,           0.0092575,           0.0092575,           0.0092575
                  17,             0.03799,            0.010019,           0.0064552,             0.97876,             0.99373,               0.995,             0.65785,            0.031683,           0.0044966,           0.0029657,            0.009208,            0.009208,            0.009208
                  18,             0.03673,            0.010481,           0.0092555,             0.93774,             0.99444,             0.99262,             0.61832,            0.027008,           0.0042642,           0.0019989,           0.0091585,           0.0091585,           0.0091585
                  19,            0.037195,            0.010973,           0.0061377,              0.9752,                   1,               0.995,             0.74127,            0.026091,           0.0046164,           0.0022093,            0.009109,            0.009109,            0.009109
                  20,            0.033555,           0.0096178,           0.0059393,              0.9114,                   1,             0.98389,             0.67166,            0.026709,           0.0042908,             0.00171,           0.0090595,           0.0090595,           0.0090595
                  21,             0.03474,            0.010495,           0.0052683,             0.83626,                   1,             0.95143,             0.71335,            0.027325,           0.0042247,           0.0015829,             0.00901,             0.00901,             0.00901
                  22,            0.034175,           0.0095504,           0.0057651,             0.90431,             0.98418,               0.995,             0.66017,            0.025522,           0.0041956,           0.0021208,           0.0089605,           0.0089605,           0.0089605
                  23,            0.032709,            0.010082,           0.0046787,             0.98486,             0.97228,             0.99348,             0.67026,             0.02623,           0.0047431,            0.002418,            0.008911,            0.008911,            0.008911
                  24,            0.030881,           0.0088753,           0.0047327,             0.98415,                   1,               0.995,             0.69503,            0.020558,           0.0038002,           0.0023531,           0.0088615,           0.0088615,           0.0088615
                  25,            0.031755,           0.0082365,           0.0047831,             0.98571,                   1,               0.995,             0.79465,            0.023222,           0.0034925,           0.0019647,            0.008812,            0.008812,            0.008812
                  26,            0.032651,           0.0085304,           0.0059131,             0.89393,                   1,             0.94302,             0.73401,            0.021735,           0.0035038,            0.001684,           0.0087625,           0.0087625,           0.0087625
                  27,            0.030307,           0.0088897,           0.0048769,             0.97452,                   1,               0.995,             0.73567,            0.024561,           0.0034945,           0.0012998,            0.008713,            0.008713,            0.008713
                  28,            0.030204,           0.0084574,           0.0060162,             0.99162,                   1,               0.995,             0.84153,            0.019302,            0.003224,           0.0013946,           0.0086635,           0.0086635,           0.0086635
                  29,            0.029798,           0.0084694,           0.0056344,             0.87453,             0.96072,             0.98555,             0.80096,             0.02102,           0.0038955,           0.0058262,            0.008614,            0.008614,            0.008614
                  30,            0.029592,           0.0082287,           0.0042963,             0.98293,                   1,               0.995,             0.78461,            0.022068,           0.0037116,           0.0025031,           0.0085645,           0.0085645,           0.0085645
                  31,            0.029268,           0.0088227,           0.0039239,             0.99724,             0.99889,               0.995,             0.75844,             0.01816,           0.0036987,           0.0016788,            0.008515,            0.008515,            0.008515
                  32,            0.029571,           0.0085823,           0.0053364,              0.9937,                   1,               0.995,             0.77044,            0.021404,           0.0034797,           0.0012572,           0.0084655,           0.0084655,           0.0084655
                  33,            0.025636,           0.0077821,            0.003633,             0.99557,                   1,               0.995,             0.76543,            0.022649,           0.0035071,           0.0012336,            0.008416,            0.008416,            0.008416
                  34,            0.028112,           0.0075204,           0.0033687,             0.99462,                   1,               0.995,             0.72879,            0.027509,           0.0032736,            0.001347,           0.0083665,           0.0083665,           0.0083665
                  35,            0.030109,           0.0089191,           0.0042288,             0.99375,                   1,               0.995,             0.76127,            0.023732,           0.0033795,           0.0013787,            0.008317,            0.008317,            0.008317
                  36,            0.029214,            0.008326,           0.0061329,             0.99383,                   1,               0.995,             0.74774,            0.020737,           0.0034115,           0.0011766,           0.0082675,           0.0082675,           0.0082675
                  37,            0.026844,           0.0089834,           0.0042964,             0.99196,                   1,               0.995,             0.81695,            0.016638,            0.003296,           0.0011335,            0.008218,            0.008218,            0.008218
                  38,            0.025455,           0.0079118,           0.0054936,               0.994,                   1,               0.995,             0.78498,            0.018233,             0.00313,          0.00095122,           0.0081685,           0.0081685,           0.0081685
                  39,            0.025835,           0.0079202,           0.0030624,             0.98699,             0.99759,               0.995,             0.78815,            0.025956,           0.0033227,           0.0011788,            0.008119,            0.008119,            0.008119
                  40,             0.02708,           0.0075575,           0.0039457,             0.97848,             0.96022,               0.995,             0.75755,            0.023614,           0.0035164,           0.0022677,           0.0080695,           0.0080695,           0.0080695
                  41,            0.025205,           0.0079694,           0.0040797,             0.91652,             0.97767,               0.995,             0.81729,            0.022551,           0.0033751,           0.0034537,             0.00802,             0.00802,             0.00802
                  42,            0.025252,           0.0077568,           0.0039923,             0.99549,                   1,               0.995,             0.82493,            0.016888,           0.0032662,           0.0013763,           0.0079705,           0.0079705,           0.0079705
                  43,            0.025738,           0.0076838,           0.0050277,             0.93454,             0.99977,             0.98502,             0.81539,             0.01856,           0.0035226,           0.0013877,            0.007921,            0.007921,            0.007921
                  44,            0.025055,           0.0077521,           0.0044157,             0.99426,                   1,               0.995,             0.81089,            0.015256,           0.0031631,           0.0012681,           0.0078715,           0.0078715,           0.0078715
                  45,            0.024915,           0.0074552,           0.0038338,             0.99245,                   1,               0.995,             0.77596,            0.016177,            0.003297,           0.0013666,            0.007822,            0.007822,            0.007822
                  46,            0.023677,           0.0073125,           0.0040539,             0.97881,             0.98654,               0.995,             0.76017,            0.019825,           0.0038135,           0.0013983,           0.0077725,           0.0077725,           0.0077725
                  47,            0.025951,           0.0077023,           0.0042627,             0.94622,             0.96637,             0.98739,              0.8517,            0.016085,           0.0045673,           0.0030633,            0.007723,            0.007723,            0.007723
                  48,             0.02484,           0.0073765,           0.0036768,             0.99137,             0.99244,               0.995,             0.83436,            0.019584,           0.0034961,           0.0029121,           0.0076735,           0.0076735,           0.0076735
                  49,            0.024636,           0.0072552,           0.0032405,             0.98979,             0.99668,               0.995,             0.81544,             0.02052,           0.0031959,           0.0027024,            0.007624,            0.007624,            0.007624
                  50,            0.024796,           0.0082217,            0.002863,             0.99228,             0.99889,               0.995,             0.81393,            0.017108,           0.0032753,           0.0013823,           0.0075745,           0.0075745,           0.0075745
                  51,            0.023512,           0.0073223,           0.0031586,             0.99607,                   1,               0.995,             0.79878,            0.018298,           0.0031534,           0.0011147,            0.007525,            0.007525,            0.007525
                  52,            0.023875,           0.0078424,           0.0034213,             0.99529,                   1,               0.995,             0.82351,            0.020237,           0.0029255,           0.0012207,           0.0074755,           0.0074755,           0.0074755
                  53,            0.025014,           0.0075484,           0.0040355,             0.99585,                   1,               0.995,             0.82128,            0.024555,           0.0029541,           0.0010596,            0.007426,            0.007426,            0.007426
                  54,            0.022799,           0.0073213,           0.0033372,             0.98693,             0.99934,               0.995,             0.85663,            0.017448,           0.0031239,           0.0014427,           0.0073765,           0.0073765,           0.0073765
                  55,            0.022668,           0.0071456,           0.0033803,             0.97302,             0.98435,               0.995,             0.80791,            0.014307,           0.0029238,           0.0017119,            0.007327,            0.007327,            0.007327
                  56,            0.023483,           0.0073208,           0.0035614,             0.99449,                   1,               0.995,             0.84885,            0.012619,             0.00279,           0.0010015,           0.0072775,           0.0072775,           0.0072775
                  57,            0.021786,           0.0072634,           0.0038357,             0.99561,                   1,               0.995,             0.84099,            0.014875,           0.0029474,          0.00083689,            0.007228,            0.007228,            0.007228
                  58,            0.022518,           0.0071318,           0.0028627,             0.99493,                   1,               0.995,             0.88397,            0.014066,           0.0028476,          0.00080262,           0.0071785,           0.0071785,           0.0071785
                  59,            0.022022,           0.0068662,            0.002097,              0.9949,                   1,               0.995,             0.82435,            0.015084,           0.0028452,          0.00084679,            0.007129,            0.007129,            0.007129
                  60,            0.022421,           0.0073354,           0.0033113,             0.99278,                   1,               0.995,             0.85101,            0.015534,           0.0030062,          0.00093999,           0.0070795,           0.0070795,           0.0070795
                  61,            0.022237,           0.0065848,           0.0026968,             0.98444,                   1,               0.995,             0.84287,            0.014547,           0.0033669,           0.0010524,             0.00703,             0.00703,             0.00703
                  62,            0.023048,           0.0077866,           0.0030665,             0.99448,                   1,               0.995,             0.85783,            0.015058,            0.002739,           0.0011849,           0.0069805,           0.0069805,           0.0069805
                  63,            0.022796,           0.0073213,           0.0034558,             0.99457,                   1,               0.995,              0.8649,            0.012778,           0.0025651,           0.0013611,            0.006931,            0.006931,            0.006931
                  64,            0.021124,             0.00672,           0.0033339,             0.99698,                   1,               0.995,             0.84697,            0.014556,           0.0025443,           0.0012916,           0.0068815,           0.0068815,           0.0068815
                  65,            0.022045,           0.0064731,           0.0027302,             0.99622,                   1,               0.995,             0.83273,            0.018129,           0.0027019,           0.0012429,            0.006832,            0.006832,            0.006832
                  66,            0.020107,           0.0061303,           0.0032023,             0.99396,                   1,               0.995,             0.85507,            0.016882,           0.0026001,            0.001069,           0.0067825,           0.0067825,           0.0067825
                  67,            0.019719,           0.0066332,           0.0027504,             0.89108,             0.96277,             0.99262,             0.82281,            0.013422,            0.002984,           0.0039295,            0.006733,            0.006733,            0.006733
                  68,            0.021031,           0.0067362,           0.0023288,             0.82063,             0.92233,             0.93586,             0.81627,            0.012545,           0.0028129,            0.012881,           0.0066835,           0.0066835,           0.0066835
                  69,            0.020858,           0.0066324,            0.002135,             0.99441,                   1,               0.995,             0.87895,            0.014712,           0.0026833,          0.00080398,            0.006634,            0.006634,            0.006634
                  70,            0.020875,           0.0061635,           0.0015067,             0.99127,                   1,               0.995,             0.86863,            0.015056,           0.0029471,          0.00080323,           0.0065845,           0.0065845,           0.0065845
                  71,            0.021934,           0.0065686,           0.0019434,             0.99379,                   1,               0.995,             0.82917,            0.018516,           0.0029061,          0.00081146,            0.006535,            0.006535,            0.006535
                  72,            0.022379,           0.0067653,           0.0020577,             0.99529,                   1,               0.995,             0.83664,            0.014801,           0.0026869,          0.00079172,           0.0064855,           0.0064855,           0.0064855
                  73,            0.020352,           0.0069803,           0.0017091,             0.99659,                   1,               0.995,             0.86074,            0.013993,           0.0026461,          0.00088255,            0.006436,            0.006436,            0.006436
                  74,            0.021701,           0.0060075,           0.0016595,             0.99602,                   1,               0.995,             0.81781,            0.016178,           0.0027689,          0.00094979,           0.0063865,           0.0063865,           0.0063865
                  75,            0.020185,           0.0064755,           0.0019608,              0.9948,                   1,               0.995,             0.87417,            0.014302,           0.0027778,          0.00093141,            0.006337,            0.006337,            0.006337
                  76,            0.020873,           0.0063436,           0.0018179,             0.99625,                   1,               0.995,             0.83865,            0.015181,           0.0029414,          0.00086603,           0.0062875,           0.0062875,           0.0062875
                  77,            0.021279,           0.0066484,           0.0017883,             0.99261,             0.99936,               0.995,             0.84227,            0.015364,           0.0031352,          0.00082834,            0.006238,            0.006238,            0.006238
                  78,            0.020471,           0.0061246,           0.0014919,             0.99579,                   1,               0.995,             0.86128,            0.013014,           0.0026008,          0.00082405,           0.0061885,           0.0061885,           0.0061885
                  79,            0.020242,           0.0069912,           0.0017508,             0.99556,                   1,               0.995,             0.85117,            0.014699,           0.0026037,          0.00086188,            0.006139,            0.006139,            0.006139
                  80,            0.019972,           0.0064011,           0.0021916,             0.99526,                   1,               0.995,             0.87786,              0.0129,           0.0025886,          0.00084608,           0.0060895,           0.0060895,           0.0060895
                  81,            0.020274,            0.006524,           0.0018216,             0.99516,                   1,               0.995,             0.88152,            0.015508,           0.0025775,          0.00077534,             0.00604,             0.00604,             0.00604
                  82,            0.019381,           0.0057261,           0.0020647,             0.96392,             0.99145,               0.995,             0.87657,            0.014264,           0.0027181,           0.0017417,           0.0059905,           0.0059905,           0.0059905
                  83,            0.018357,            0.005437,           0.0021433,             0.99522,                   1,               0.995,             0.87902,            0.013151,           0.0025525,           0.0010113,            0.005941,            0.005941,            0.005941
                  84,            0.019128,           0.0059497,            0.001982,             0.99612,                   1,               0.995,             0.87719,             0.01398,           0.0024813,          0.00097529,           0.0058915,           0.0058915,           0.0058915
                  85,            0.019108,            0.005854,           0.0016472,             0.99257,              0.9867,               0.995,             0.89593,            0.013954,           0.0025514,           0.0011654,            0.005842,            0.005842,            0.005842
                  86,            0.018599,           0.0057813,           0.0027218,             0.96257,             0.98565,             0.99103,             0.88416,            0.015339,           0.0025941,           0.0032647,           0.0057925,           0.0057925,           0.0057925
                  87,             0.01894,           0.0068349,           0.0022075,             0.95929,             0.98593,               0.995,             0.85226,            0.015172,           0.0027924,           0.0033179,            0.005743,            0.005743,            0.005743
                  88,            0.018066,           0.0063038,           0.0021578,             0.99379,                   1,               0.995,             0.89191,            0.012954,             0.00257,          0.00098013,           0.0056935,           0.0056935,           0.0056935
                  89,            0.016884,           0.0056484,           0.0017976,             0.99542,                   1,               0.995,               0.885,            0.014188,           0.0024973,          0.00072992,            0.005644,            0.005644,            0.005644
                  90,            0.017332,            0.005848,           0.0017627,             0.99629,                   1,               0.995,             0.88592,            0.014508,           0.0025207,            0.000762,           0.0055945,           0.0055945,           0.0055945
                  91,            0.017594,           0.0057755,           0.0015833,             0.99239,                   1,               0.995,             0.88951,            0.014705,            0.002502,          0.00089943,            0.005545,            0.005545,            0.005545
                  92,            0.018879,            0.006265,           0.0017051,             0.79165,             0.92275,              0.9573,             0.82507,            0.014776,           0.0027529,            0.014769,           0.0054955,           0.0054955,           0.0054955
                  93,            0.018626,           0.0060543,           0.0011677,             0.78629,             0.77862,             0.86662,             0.72871,            0.013815,           0.0028511,            0.022063,            0.005446,            0.005446,            0.005446
                  94,            0.017487,           0.0056948,           0.0014326,             0.99474,                   1,               0.995,             0.88575,            0.012333,           0.0025457,          0.00078446,           0.0053965,           0.0053965,           0.0053965
                  95,            0.017757,           0.0059264,           0.0014602,             0.99694,                   1,               0.995,             0.89689,            0.013852,            0.002532,          0.00070578,            0.005347,            0.005347,            0.005347
                  96,            0.017534,           0.0053296,            0.002231,             0.99652,                   1,               0.995,             0.89139,            0.015387,           0.0024896,          0.00071579,           0.0052975,           0.0052975,           0.0052975
                  97,            0.017347,           0.0061464,           0.0018407,             0.99685,                   1,               0.995,             0.89929,             0.01464,           0.0024096,          0.00065356,            0.005248,            0.005248,            0.005248
                  98,            0.016288,           0.0053482,           0.0021986,             0.99481,                   1,               0.995,             0.87592,            0.014059,           0.0023962,          0.00066247,           0.0051985,           0.0051985,           0.0051985
                  99,            0.017492,           0.0058808,           0.0015334,             0.99565,                   1,               0.995,             0.90785,            0.012884,            0.002231,          0.00077269,            0.005149,            0.005149,            0.005149
                 100,            0.016837,           0.0056617,           0.0016887,             0.99489,                   1,               0.995,             0.88488,            0.013256,            0.002296,          0.00095987,           0.0050995,           0.0050995,           0.0050995
                 101,            0.016043,           0.0058267,            0.002159,              0.9746,             0.95428,               0.995,             0.87834,            0.012266,           0.0024202,           0.0023161,             0.00505,             0.00505,             0.00505
                 102,            0.016209,           0.0058141,            0.003168,             0.99615,                   1,               0.995,             0.89162,            0.013086,           0.0023841,           0.0010477,           0.0050005,           0.0050005,           0.0050005
                 103,             0.01639,           0.0057866,           0.0022978,              0.9961,                   1,               0.995,             0.89584,            0.013065,           0.0025038,          0.00083656,            0.004951,            0.004951,            0.004951
                 104,             0.01668,           0.0061646,           0.0014253,             0.99399,                   1,               0.995,             0.89787,            0.016056,           0.0024225,          0.00075467,           0.0049015,           0.0049015,           0.0049015
                 105,            0.017385,           0.0054613,           0.0031063,             0.99387,                   1,               0.995,             0.89868,            0.013194,           0.0023015,          0.00078413,            0.004852,            0.004852,            0.004852
                 106,            0.016648,           0.0059388,           0.0036596,             0.99415,                   1,               0.995,             0.89595,            0.011484,            0.002257,          0.00072427,           0.0048025,           0.0048025,           0.0048025
                 107,            0.015511,           0.0058169,           0.0025374,             0.99641,                   1,               0.995,             0.89383,            0.012902,           0.0022308,          0.00060207,            0.004753,            0.004753,            0.004753
                 108,            0.015382,           0.0052581,           0.0012658,              0.9963,                   1,               0.995,             0.89263,            0.012375,           0.0021588,          0.00058941,           0.0047035,           0.0047035,           0.0047035
                 109,            0.015738,           0.0058702,           0.0012839,             0.99655,                   1,               0.995,             0.90757,            0.011278,           0.0021921,          0.00060178,            0.004654,            0.004654,            0.004654
                 110,            0.015313,           0.0055012,           0.0017287,             0.99686,                   1,               0.995,             0.89824,            0.011848,           0.0022006,          0.00064656,           0.0046045,           0.0046045,           0.0046045
                 111,            0.016118,           0.0054612,           0.0019672,             0.99045,             0.98603,               0.995,             0.89804,             0.01094,           0.0022335,          0.00096506,            0.004555,            0.004555,            0.004555
                 112,            0.016279,           0.0054237,           0.0011994,             0.98073,             0.99967,               0.995,             0.90551,            0.011035,           0.0023185,           0.0011292,           0.0045055,           0.0045055,           0.0045055
                 113,            0.016234,            0.005448,           0.0015176,             0.99668,                   1,               0.995,             0.90284,            0.011956,           0.0023063,          0.00067974,            0.004456,            0.004456,            0.004456
                 114,            0.015868,           0.0058741,           0.0020898,             0.99697,                   1,               0.995,             0.90254,            0.013531,           0.0024883,           0.0006251,           0.0044065,           0.0044065,           0.0044065
                 115,            0.014829,           0.0057019,           0.0025992,             0.99672,                   1,               0.995,             0.90823,            0.010727,           0.0023203,          0.00055826,            0.004357,            0.004357,            0.004357
                 116,            0.015939,           0.0050993,           0.0024307,             0.99675,                   1,               0.995,             0.91158,            0.012746,           0.0022371,           0.0005672,           0.0043075,           0.0043075,           0.0043075
                 117,            0.015417,           0.0052071,           0.0029724,             0.99462,                   1,               0.995,             0.89121,            0.010623,           0.0025094,          0.00066665,            0.004258,            0.004258,            0.004258
                 118,            0.014736,           0.0056036,            0.001351,             0.99278,                   1,               0.995,             0.90369,            0.013277,           0.0024779,           0.0008092,           0.0042085,           0.0042085,           0.0042085
                 119,            0.015172,           0.0055297,           0.0013121,             0.99596,                   1,               0.995,             0.90971,            0.013551,           0.0022473,          0.00066079,            0.004159,            0.004159,            0.004159
                 120,            0.014978,             0.00529,           0.0011155,             0.99689,                   1,               0.995,             0.90644,            0.013886,           0.0022647,          0.00059187,           0.0041095,           0.0041095,           0.0041095
                 121,            0.014873,           0.0058638,           0.0022055,             0.99658,                   1,               0.995,             0.91511,            0.012651,           0.0021888,          0.00053737,             0.00406,             0.00406,             0.00406
                 122,            0.015446,           0.0054164,           0.0013523,             0.99664,                   1,               0.995,             0.88719,            0.011395,           0.0022982,           0.0004936,           0.0040105,           0.0040105,           0.0040105
                 123,            0.015648,           0.0054199,           0.0015827,             0.99656,                   1,               0.995,             0.90261,            0.011082,           0.0023074,          0.00044197,            0.003961,            0.003961,            0.003961
                 124,            0.015301,           0.0059959,           0.0018608,             0.99668,                   1,               0.995,             0.90822,            0.012162,           0.0023564,          0.00040405,           0.0039115,           0.0039115,           0.0039115
                 125,            0.014949,           0.0054533,             0.00112,             0.99693,                   1,               0.995,             0.88196,            0.012698,           0.0025859,          0.00037791,            0.003862,            0.003862,            0.003862
                 126,            0.014082,           0.0052489,           0.0020231,             0.99702,                   1,               0.995,             0.91205,            0.010656,           0.0025238,           0.0003787,           0.0038125,           0.0038125,           0.0038125
                 127,            0.015352,           0.0050362,           0.0010911,             0.99689,                   1,               0.995,             0.90578,            0.010231,           0.0024244,          0.00037483,            0.003763,            0.003763,            0.003763
                 128,            0.015143,           0.0055204,           0.0011405,             0.99676,                   1,               0.995,             0.88528,            0.012643,           0.0025029,          0.00039289,           0.0037135,           0.0037135,           0.0037135
                 129,            0.014212,           0.0058206,           0.0015154,             0.99681,                   1,               0.995,             0.89166,             0.01062,           0.0023128,          0.00041327,            0.003664,            0.003664,            0.003664
                 130,            0.015745,           0.0056927,            0.001657,             0.99684,                   1,               0.995,             0.92309,            0.010596,           0.0021731,          0.00042531,           0.0036145,           0.0036145,           0.0036145
                 131,            0.013402,           0.0055271,          0.00076046,             0.99693,                   1,               0.995,             0.90699,            0.012088,           0.0022302,          0.00042745,            0.003565,            0.003565,            0.003565
                 132,            0.014653,           0.0055173,           0.0016939,             0.99703,                   1,               0.995,             0.88925,            0.011923,           0.0022668,          0.00042311,           0.0035155,           0.0035155,           0.0035155
                 133,            0.015372,           0.0050905,           0.0018682,             0.99662,                   1,               0.995,             0.89984,            0.012001,           0.0022326,           0.0004298,            0.003466,            0.003466,            0.003466
                 134,            0.014496,           0.0051958,           0.0012918,             0.99564,                   1,               0.995,              0.9155,            0.010771,           0.0022651,          0.00042297,           0.0034165,           0.0034165,           0.0034165
                 135,            0.012875,           0.0052582,           0.0012299,             0.99655,                   1,               0.995,             0.92314,           0.0098185,            0.002193,           0.0004112,            0.003367,            0.003367,            0.003367
                 136,            0.013647,           0.0051574,           0.0013137,             0.99694,                   1,               0.995,             0.91217,           0.0089625,           0.0021838,          0.00040097,           0.0033175,           0.0033175,           0.0033175
                 137,             0.01406,           0.0051694,             0.00176,             0.99675,                   1,               0.995,              0.9303,           0.0095956,           0.0022293,          0.00040433,            0.003268,            0.003268,            0.003268
                 138,            0.014003,           0.0053924,           0.0013588,              0.9968,                   1,               0.995,              0.9225,           0.0090939,           0.0022905,          0.00041907,           0.0032185,           0.0032185,           0.0032185
                 139,            0.012757,           0.0048545,           0.0014343,             0.99693,                   1,               0.995,             0.92227,           0.0098201,            0.002339,          0.00041428,            0.003169,            0.003169,            0.003169
                 140,            0.013361,           0.0048076,           0.0010005,               0.997,                   1,               0.995,             0.90901,            0.010519,           0.0022506,          0.00040458,           0.0031195,           0.0031195,           0.0031195
                 141,            0.014845,           0.0056907,           0.0010327,             0.99728,                   1,               0.995,             0.91468,            0.008837,            0.002103,           0.0004033,             0.00307,             0.00307,             0.00307
                 142,            0.012992,           0.0048574,           0.0012722,             0.99614,                   1,               0.995,             0.92582,           0.0093061,           0.0020779,          0.00040816,           0.0030205,           0.0030205,           0.0030205
                 143,            0.012978,           0.0050484,           0.0011678,             0.99404,                   1,               0.995,             0.91515,           0.0096765,           0.0021346,          0.00046978,            0.002971,            0.002971,            0.002971
                 144,            0.013939,           0.0050951,           0.0019844,             0.96889,             0.99614,               0.995,             0.92413,           0.0096478,            0.002179,           0.0010068,           0.0029215,           0.0029215,           0.0029215
                 145,            0.013781,           0.0049501,           0.0015038,             0.99286,                   1,               0.995,             0.91321,            0.009439,           0.0020394,          0.00046742,            0.002872,            0.002872,            0.002872
                 146,            0.013273,           0.0055715,           0.0013019,              0.9971,                   1,               0.995,             0.92533,           0.0092136,           0.0020241,          0.00037354,           0.0028225,           0.0028225,           0.0028225
                 147,            0.013369,           0.0049804,           0.0023038,              0.9967,                   1,               0.995,             0.92309,           0.0091101,            0.002103,          0.00038077,            0.002773,            0.002773,            0.002773
                 148,            0.012769,           0.0048013,           0.0017562,             0.99696,                   1,               0.995,             0.92437,           0.0085809,           0.0021321,          0.00037662,           0.0027235,           0.0027235,           0.0027235
                 149,            0.013269,           0.0052402,            0.001039,             0.99732,                   1,               0.995,             0.92053,            0.010178,           0.0021921,          0.00036764,            0.002674,            0.002674,            0.002674
                 150,            0.013333,           0.0044695,           0.0013654,             0.99701,                   1,               0.995,             0.91691,           0.0099231,           0.0021306,          0.00035909,           0.0026245,           0.0026245,           0.0026245
                 151,            0.012461,           0.0049072,          0.00089272,             0.99693,                   1,               0.995,             0.92775,           0.0093568,           0.0021094,          0.00035906,            0.002575,            0.002575,            0.002575
                 152,            0.013073,           0.0049005,           0.0011847,             0.99659,                   1,               0.995,             0.92976,           0.0090792,           0.0021139,          0.00035595,           0.0025255,           0.0025255,           0.0025255
                 153,            0.011698,           0.0045445,          0.00064764,             0.99639,                   1,               0.995,             0.92575,            0.010224,           0.0021499,          0.00034143,            0.002476,            0.002476,            0.002476
                 154,            0.012543,           0.0047422,          0.00073737,             0.99642,                   1,               0.995,              0.9342,           0.0098873,           0.0020884,          0.00031886,           0.0024265,           0.0024265,           0.0024265
                 155,            0.012409,           0.0047748,            0.001699,             0.99669,                   1,               0.995,             0.92879,           0.0097193,           0.0020059,          0.00029764,            0.002377,            0.002377,            0.002377
                 156,             0.01181,           0.0046658,          0.00087328,              0.9969,                   1,               0.995,             0.93327,            0.010637,           0.0020788,          0.00029206,           0.0023275,           0.0023275,           0.0023275
                 157,            0.012612,           0.0050723,          0.00099569,             0.99706,                   1,               0.995,             0.92482,            0.009847,           0.0021478,          0.00029007,            0.002278,            0.002278,            0.002278
                 158,            0.012134,           0.0049606,           0.0008905,             0.99703,                   1,               0.995,             0.93051,            0.010055,           0.0021349,           0.0002844,           0.0022285,           0.0022285,           0.0022285
                 159,            0.011976,           0.0047966,           0.0012356,             0.99702,                   1,               0.995,             0.92233,           0.0091004,           0.0020063,          0.00027115,            0.002179,            0.002179,            0.002179
                 160,            0.011849,           0.0046333,          0.00061167,             0.99705,                   1,               0.995,              0.9275,           0.0090767,           0.0019311,          0.00026772,           0.0021295,           0.0021295,           0.0021295
                 161,            0.011717,           0.0045705,          0.00070844,             0.99703,                   1,               0.995,             0.92191,           0.0085986,           0.0019186,          0.00026341,             0.00208,             0.00208,             0.00208
                 162,            0.011359,           0.0046532,          0.00070162,             0.99707,                   1,               0.995,             0.92301,            0.008474,           0.0019259,          0.00025629,           0.0020305,           0.0020305,           0.0020305
                 163,            0.011385,           0.0048141,          0.00086189,             0.99724,                   1,               0.995,             0.93092,           0.0081771,           0.0018885,          0.00025039,            0.001981,            0.001981,            0.001981
                 164,            0.011601,           0.0046188,          0.00092748,             0.99717,                   1,               0.995,             0.93844,           0.0085795,           0.0019203,          0.00024744,           0.0019315,           0.0019315,           0.0019315
                 165,            0.011029,           0.0047989,          0.00051271,             0.99712,                   1,               0.995,             0.93392,           0.0084785,           0.0019255,          0.00023977,            0.001882,            0.001882,            0.001882
                 166,            0.010462,           0.0043598,          0.00075487,             0.99716,                   1,               0.995,              0.9412,           0.0088627,           0.0018662,          0.00023654,           0.0018325,           0.0018325,           0.0018325
                 167,            0.011565,           0.0043577,          0.00080128,             0.99724,                   1,               0.995,             0.94079,           0.0084389,           0.0018805,          0.00023038,            0.001783,            0.001783,            0.001783
                 168,            0.010922,           0.0045109,           0.0010406,             0.99719,                   1,               0.995,             0.93492,           0.0084144,           0.0018112,          0.00022675,           0.0017335,           0.0017335,           0.0017335
                 169,            0.010825,           0.0044521,          0.00088661,             0.99705,                   1,               0.995,             0.94423,           0.0096329,           0.0018156,          0.00022691,            0.001684,            0.001684,            0.001684
                 170,            0.010491,           0.0045001,          0.00064538,             0.99701,                   1,               0.995,             0.94436,           0.0088973,           0.0018277,           0.0002264,           0.0016345,           0.0016345,           0.0016345
                 171,            0.011461,           0.0046725,          0.00083728,             0.99715,                   1,               0.995,             0.94703,           0.0080989,           0.0017699,          0.00022516,            0.001585,            0.001585,            0.001585
                 172,            0.010898,           0.0044562,          0.00065682,             0.99709,                   1,               0.995,              0.9432,           0.0085328,           0.0018623,          0.00022876,           0.0015355,           0.0015355,           0.0015355
                 173,            0.011301,           0.0044686,           0.0004071,             0.99709,                   1,               0.995,             0.94055,            0.008832,           0.0018903,          0.00023101,            0.001486,            0.001486,            0.001486
                 174,            0.011018,           0.0043545,           0.0019508,             0.99718,                   1,               0.995,             0.94629,           0.0086422,           0.0018921,          0.00022214,           0.0014365,           0.0014365,           0.0014365
                 175,            0.010699,            0.004547,          0.00058347,             0.99718,                   1,               0.995,             0.94414,           0.0086862,           0.0019107,          0.00021383,            0.001387,            0.001387,            0.001387
                 176,            0.010344,           0.0048777,          0.00043598,             0.99719,                   1,               0.995,             0.94343,           0.0084744,           0.0019294,          0.00020776,           0.0013375,           0.0013375,           0.0013375
                 177,           0.0099739,            0.004279,          0.00036742,             0.99732,                   1,               0.995,             0.94041,           0.0078205,           0.0019424,          0.00019752,            0.001288,            0.001288,            0.001288
                 178,            0.010554,           0.0045544,          0.00042275,             0.99722,                   1,               0.995,              0.9451,           0.0077611,           0.0019685,          0.00019299,           0.0012385,           0.0012385,           0.0012385
                 179,           0.0098531,           0.0044603,           0.0014282,              0.9972,                   1,               0.995,             0.93766,           0.0080446,           0.0019311,          0.00018589,            0.001189,            0.001189,            0.001189
                 180,            0.010872,           0.0044178,           0.0012298,              0.9972,                   1,               0.995,               0.938,            0.008359,           0.0019236,          0.00018278,           0.0011395,           0.0011395,           0.0011395
                 181,             0.01049,           0.0045757,          0.00055432,             0.99722,                   1,               0.995,             0.93764,           0.0089279,           0.0019251,          0.00017197,             0.00109,             0.00109,             0.00109
                 182,            0.010363,           0.0047241,          0.00088548,             0.99721,                   1,               0.995,             0.93066,            0.008361,           0.0019783,          0.00016631,           0.0010405,           0.0010405,           0.0010405
                 183,           0.0096535,           0.0043883,          0.00036126,             0.99726,                   1,               0.995,             0.93667,           0.0082439,           0.0019555,           0.0001593,            0.000991,            0.000991,            0.000991
                 184,            0.010753,           0.0042416,          0.00060385,             0.99725,                   1,               0.995,             0.94274,           0.0082092,           0.0019137,          0.00015468,           0.0009415,           0.0009415,           0.0009415
                 185,           0.0099611,           0.0042445,          0.00048552,             0.99734,                   1,               0.995,             0.93833,           0.0082507,           0.0018862,          0.00014838,            0.000892,            0.000892,            0.000892
                 186,             0.01003,           0.0043171,          0.00091022,             0.99734,                   1,               0.995,             0.94242,           0.0086402,           0.0018253,          0.00014366,           0.0008425,           0.0008425,           0.0008425
                 187,            0.010527,           0.0042092,          0.00052971,              0.9972,                   1,               0.995,             0.93728,           0.0085932,           0.0018169,          0.00014445,            0.000793,            0.000793,            0.000793
                 188,            0.011026,           0.0047769,          0.00076513,             0.99721,                   1,               0.995,             0.94123,           0.0088741,           0.0018402,          0.00014798,           0.0007435,           0.0007435,           0.0007435
                 189,           0.0091021,           0.0042487,          0.00031484,              0.9972,                   1,               0.995,             0.93934,           0.0090668,           0.0018827,          0.00014419,            0.000694,            0.000694,            0.000694
                 190,           0.0094933,           0.0044212,           0.0010796,             0.99712,                   1,               0.995,             0.92682,           0.0084353,            0.001884,          0.00014509,           0.0006445,           0.0006445,           0.0006445
                 191,           0.0096884,           0.0043456,          0.00055858,             0.99714,                   1,               0.995,             0.93655,           0.0080523,           0.0018576,          0.00014081,            0.000595,            0.000595,            0.000595
                 192,           0.0094525,           0.0041108,          0.00057174,             0.99711,                   1,               0.995,             0.93694,           0.0079422,           0.0018505,          0.00013941,           0.0005455,           0.0005455,           0.0005455
                 193,           0.0099653,           0.0039983,          0.00044455,             0.99714,                   1,               0.995,             0.94052,           0.0079967,           0.0018378,          0.00013847,            0.000496,            0.000496,            0.000496
                 194,           0.0088389,           0.0040766,          0.00033928,             0.99714,                   1,               0.995,             0.94633,           0.0082245,           0.0018313,           0.0001319,           0.0004465,           0.0004465,           0.0004465
                 195,           0.0097792,           0.0042941,          0.00027388,             0.99718,                   1,               0.995,             0.94408,            0.008587,           0.0018503,          0.00012513,            0.000397,            0.000397,            0.000397
                 196,           0.0093281,           0.0040911,          0.00037361,             0.99718,                   1,               0.995,             0.94495,           0.0083638,           0.0018539,           0.0001281,           0.0003475,           0.0003475,           0.0003475
                 197,           0.0091782,           0.0040768,          0.00063546,              0.9972,                   1,               0.995,             0.94152,           0.0082188,            0.001864,          0.00012838,            0.000298,            0.000298,            0.000298
                 198,           0.0095594,           0.0040584,          0.00062295,             0.99718,                   1,               0.995,             0.94572,           0.0080108,           0.0018704,          0.00012806,           0.0002485,           0.0002485,           0.0002485
                 199,           0.0093913,           0.0041772,          0.00030853,             0.99722,                   1,               0.995,             0.95066,           0.0079588,           0.0018786,          0.00012625,            0.000199,            0.000199,            0.000199
